-- phpMyAdmin SQL Dump
-- version 5.1.1
-- https://www.phpmyadmin.net/
--
-- Host: 127.0.0.1
-- Generation Time: Feb 15, 2022 at 11:51 PM
-- Server version: 10.4.22-MariaDB
-- PHP Version: 8.0.13

SET SQL_MODE = "NO_AUTO_VALUE_ON_ZERO";
START TRANSACTION;
SET time_zone = "+00:00";


/*!40101 SET @OLD_CHARACTER_SET_CLIENT=@@CHARACTER_SET_CLIENT */;
/*!40101 SET @OLD_CHARACTER_SET_RESULTS=@@CHARACTER_SET_RESULTS */;
/*!40101 SET @OLD_COLLATION_CONNECTION=@@COLLATION_CONNECTION */;
/*!40101 SET NAMES utf8mb4 */;

--
-- Database: `storage`
--

-- --------------------------------------------------------

--
-- Table structure for table `item_cate`
--

CREATE TABLE `item_cate` (
  `cate_id` int(11) NOT NULL,
  `cate_name` varchar(50) NOT NULL
) ENGINE=InnoDB DEFAULT CHARSET=utf8mb4;

--
-- Dumping data for table `item_cate`
--

INSERT INTO `item_cate` (`cate_id`, `cate_name`) VALUES
(8, 'ปากกา'),
(9, 'ดินสอ'),
(10, 'ยางลบ'),
(11, 'ไม้บรรทัด'),
(12, 'ชุดเลขา/วงเวียน'),
(13, 'กระเป๋า/กล่องดินสอ'),
(14, 'กบเหลา'),
(15, 'ไส้ดินสอ'),
(16, 'สมุด'),
(17, 'กรรไกร/คัตเตอร์'),
(18, 'เก็บเอกสาร'),
(19, 'กาว / กาวแท่ง'),
(20, 'คลิป/ลวดเสียบ/หมุดต่าง'),
(21, 'โพสอิท/กระดาษโน๊ต'),
(22, 'อื่นๆ'),
(23, 'เก็บนามบัตร/สายห้อยบัตร'),
(24, 'เครื่องคิดเลข'),
(26, 'อุปกรณ์ทำรายงาน'),
(27, 'เทป/น้ำยาลบคำผิด');

-- --------------------------------------------------------

--
-- Table structure for table `item_collection`
--

CREATE TABLE `item_collection` (
  `collection_id` int(11) NOT NULL,
  `item_id` int(11) NOT NULL,
  `user_id` int(11) NOT NULL,
  `item_name` varchar(50) NOT NULL,
  `image_name` varchar(50) NOT NULL,
  `item_count` int(11) NOT NULL,
  `item_prince` int(11) NOT NULL
) ENGINE=InnoDB DEFAULT CHARSET=utf8mb4;

--
-- Dumping data for table `item_collection`
--

INSERT INTO `item_collection` (`collection_id`, `item_id`, `user_id`, `item_name`, `image_name`, `item_count`, `item_prince`) VALUES
(21, 1643470687, 1, 'DL ปากกาเจล 0.5 มม(แดง)', '1643470687.jpg', 1, 120);

-- --------------------------------------------------------

--
-- Table structure for table `item_detail`
--

CREATE TABLE `item_detail` (
  `item_id` int(11) NOT NULL COMMENT 'item id',
  `cate_id` int(50) NOT NULL,
  `item_name` varchar(50) NOT NULL COMMENT 'name of the item',
  `image_name` varchar(50) NOT NULL COMMENT 'image if item',
  `item_prince` int(11) NOT NULL,
  `type` varchar(50) NOT NULL,
  `item_detail` varchar(500) NOT NULL COMMENT 'detail if the item',
  `item_count` int(11) NOT NULL
) ENGINE=InnoDB DEFAULT CHARSET=utf8mb4;

--
-- Dumping data for table `item_detail`
--

INSERT INTO `item_detail` (`item_id`, `cate_id`, `item_name`, `image_name`, `item_prince`, `type`, `item_detail`, `item_count`) VALUES
(1643470687, 8, 'DL ปากกาเจล 0.5 มม(แดง)', '1643470687.jpg', 120, 'ปากกา', 'DL ปากกาเจล 0.5 มม(แดง) G15-BL (ราคา/โหล)', 58),
(1643470766, 8, 'DL ปากกาเจล 0.5 มม(น้ำเงิน)', '1643470766.jpg', 120, 'ปากกา', 'DL ปากกาเจล 0.5 มม(น้ำเงิน) G15-BL (ราคา/โหล)', 50),
(1643470831, 8, 'ปากกาเจลดำเซ็ต 6 ด้าม', '1643470831.jpg', 40, 'ปากกา', 'ปากกาเจลดำเซ็ต 6 ด้าม (ราคา/แพ็ค 6 ด้าม)', 50),
(1643470883, 8, 'ปากกาเจลหมึกดำ surprise box ', '1643470883.jpg', 132, 'ปากกา', 'ปากกาเจลหมึกดำ surprise box (ราคา/โหล)', 50),
(1643470931, 8, 'ชุดปากกามาร์กเกอร์ 2 หัว 12 สี', '1643470931.jpg', 144, 'ปากกา', 'ชุดปากกามาร์กเกอร์ 2 หัว 12 สี (ราคา/3 เซ็ต)', 50),
(1643471000, 9, 'DL ดินสอกด 0.5 มม 705', '1643471000.jpg', 352, 'ดินสอ', 'DL ดินสอกด 0.5 มม 705 (ราคา/กล่อง 36 แท่ง)', 50),
(1643471042, 9, 'ดินสอไม้แพ็ค 6 ด้าม', '1643471042.jpg', 120, 'ดินสอ', '\r\nดินสอไม้แพ็ค 6 ด้าม (ราคา/โหล)', 50),
(1643471084, 9, 'ดินสอต่อไส้', '1643471084.jpg', 225, 'ดินสอ', 'ดินสอต่อไส้ (ราคา/กล่อง 40 แท่ง)', 50),
(1643471136, 9, 'ดินสอกด 2.0 มม', '1643471136.jpg', 225, 'ดินสอ', 'ดินสอกด 2.0 มม (ราคา/กล่อง 48 แท่ง)', 50),
(1643471189, 9, 'ควอนตั้มดินสอดำ QP920 2B(1x6)', '1643471189.jpg', 190, 'ดินสอ', 'ควอนตั้มดินสอดำ QP920 2B(1x6) (ราคา/12แพ็ค =72 แท่ง)', 50),
(1643471225, 9, 'เอลเฟ่นดินสอดำ HB 2018', '1643471225.jpg', 100, 'ดินสอ', 'เอลเฟ่นดินสอดำ HB 2018 (ราคา/กระป๋อง 50 แท่ง)', 50),
(1643471365, 9, 'ดินสอไม้ HBแพ็ค 12 แท่ง ', '1643471365.jpg', 198, 'ดินสอ', 'ดินสอไม้ HBแพ็ค 12 แท่ง (ราคา/12 แพ็ค = 144 แท่ง)', 50),
(1643471529, 10, 'DL ยางลบ H303', '1643471529.jpg', 295, 'ยางลบ', 'DL ยางลบ H303 (ราคา/กล่อง 45 ก้อน)', 50),
(1643471574, 10, 'ยางลบneon', '1643471574.jpg', 200, 'ยางลบ', 'ยางลบneon (ราคา/กล่อง 32 ก้อน)', 50),
(1643471621, 10, 'เอลเฟ่นยางลบดินสอก้อนดำ EF350', '1643471621.jpg', 75, 'ยางลบ', 'เอลเฟ่นยางลบดินสอก้อนดำ EF350 (ราคา/กล่อง 50 ก้อน)', 50),
(1643471663, 10, 'ควอนตัมยางลบ QE680-24', '1643471663.jpg', 150, 'ยางลบ', 'ควอนตัมยางลบ QE680-24 #7890C (ราคา/กล่อง 24 ก้อน)', 50),
(1643471724, 10, 'เอลเฟ่นยางลบดินสอ EF350', '1643471724.jpg', 65, 'ยางลบ', 'เอลเฟ่นยางลบดินสอ EF350 #7559C (ราคา/กล่อง 50 ก้อน)', 50),
(1643471777, 11, 'DL ไม้บรรทัดงอได้ 30 ซม', '1643471777.jpg', 185, 'ไม้บรรทัด', 'DL ไม้บรรทัดงอได้ 30 ซม #8330C (ราคา/โหล)', 50),
(1643471817, 11, 'ไม้บรรทัด 20 ซม', '1643471817.jpg', 60, 'ไม้บรรทัด', 'ไม้บรรทัด 20 ซม #8208 C (ราคา/โหล)', 50),
(1643471859, 11, 'ไม้บรรทัดพับได้ 30 ซม', '1643471859.jpg', 140, 'ไม้บรรทัด', 'ไม้บรรทัดพับได้ 30 ซม #6695C (ราคา/กล่อง 40 ชิ้น)', 50),
(1643471902, 11, '6037-304 ไม้บรรทัด 15 ซม', '1643471902.jpg', 125, 'ไม้บรรทัด', '6037-304 ไม้บรรทัด 15 ซม(ราคา/กล่อง 36 ชิ้น)', 50),
(1643471955, 12, 'ชุดเรขาคณิต 20 ซม 4 ชิ้น', '1643471955.jpg', 132, 'ชุดเลขา/วงเวียน', 'ชุดเรขาคณิต 20 ซม 4 ชิ้น #8290C (ราคา/โหล)\r\n', 50),
(1643472004, 12, 'เซ็ตเรขาคณิต+วงเวียน', '1643472004.jpg', 240, 'ชุดเลขา/วงเวียน', 'เซ็ตเรขาคณิต+วงเวียน #8178C (ราคา/6 ชิ้น)', 50),
(1643472103, 12, 'วงเวียน', '1643472103.jpg', 168, 'ชุดเลขา/วงเวียน', 'วงเวียน #8175C (ราคา/โหล)', 50),
(1643472167, 12, '6036-404 ชุดวงเวียน', '1643472167.jpg', 268, 'ชุดเลขา/วงเวียน', '6036-404 ชุดวงเวียน (ราคา/กล่อง 24ชิ้น)', 50),
(1643472208, 12, 'เซ็ตเรขา 5306-407', '1643472208.jpg', 114, 'ชุดเลขา/วงเวียน', 'เซ็ตเรขา 5306-407 (ราคา/โหล)', 50),
(1643472669, 13, 'กระเป๋าดินสอลายแมวเหมียว', '1643472669.jpg', 81, 'กระเป๋า/กล่องดินสอ', 'กระเป๋าดินสอลายแมวเหมียว #3524 (ราคา/3 ชิ้น)', 50),
(1643472710, 13, 'กล่องดินสอเหล็ก 20*8*3 ซม', '1643472710.jpg', 228, 'กระเป๋า/กล่องดินสอ', 'กล่องดินสอเหล็ก 20*8*3 ซม #8186C (ราคา/โหล)', 50),
(1643472770, 13, 'กล่องดินสอเหล็ก 21.5*9*4 ซม', '1643472770.jpg', 276, 'กระเป๋า/กล่องดินสอ', 'กล่องดินสอเหล็ก 21.5*9*4 ซม #8183C (ราคา/โหล)', 50),
(1643472810, 13, 'กล่องดินสอเหล็ก', '1643472810.jpg', 204, 'กระเป๋า/กล่องดินสอ', '\r\nกล่องดินสอเหล็ก #7039C (ราคา/โหล)', 50),
(1643472860, 13, 'ซองเอกสาร A6 ', '1643472860.jpg', 110, 'กระเป๋า/กล่องดินสอ', 'ซองเอกสาร A6 #8058C (ราคา/โหล)', 50),
(1643472943, 14, 'กบเหลาดินสอ 3in1', '1643472943.jpg', 156, 'กบเหลา', 'กบเหลาดินสอ 3in1 #7513C (ราคา/โหล)', 50),
(1643472976, 14, '6062-406 กบเหลาดินสอรถไฟ', '1643472976.jpg', 45, 'กบเหลา', '6062-406 กบเหลาดินสอรถไฟ (ราคา/โหล)', 50),
(1643473070, 27, 'ปากกาลบคำผิด 7 มล', '1643473070.jpg', 105, 'เทป/น้ำยาลบคำผิด', 'ปากกาลบคำผิด 7 มล #8311C (ราคา/โหล)', 50),
(1643473106, 27, 'ตราช้างปากกาลบคำผิด 4.2 มล', '1643473106.jpg', 135, 'เทป/น้ำยาลบคำผิด', 'ตราช้างปากกาลบคำผิด 4.2 มล #8266C (ราคา/โหล)', 50),
(1643473138, 27, 'เอลเฟ่นเทปลบคำผิด 12 M รุ่นบิงซู', '1643473138.jpg', 170, 'เทป/น้ำยาลบคำผิด', 'เอลเฟ่นเทปลบคำผิด 12 M รุ่นบิงซู', 50),
(1643473178, 27, 'เทปลบคำผิด DN pricess', '1643473178.jpg', 100, 'เทป/น้ำยาลบคำผิด', 'เทปลบคำผิด DN pricess #7635C (ราคา/โหล)', 50),
(1643473231, 27, 'ตราช้างเทปลบมิมิเนโกะ 6 ม', '1643473231.jpg', 275, 'เทป/น้ำยาลบคำผิด', 'ตราช้างเทปลบมิมิเนโกะ 6 ม #7695C (ราคา/โหล)', 50),
(1643473273, 15, 'ไส้ดินสอ เซรามิก 0.5 มม 2B', '1643473273.jpg', 165, 'ไส้ดินสอ', 'ไส้ดินสอ เซรามิก 0.5 มม 2B #7201C', 50),
(1643473309, 15, 'ไส้ดินสอ 2 มม', '1643473309.jpg', 28, 'ไส้ดินสอ', 'ไส้ดินสอ 2 มม #7729 (ราคา/โหล)', 50),
(1643473366, 15, 'ไส้เติม', '1643473366.jpg', 90, 'ไส้ดินสอ', 'ไส้เติม รหัส 2457(ราคา/ แพ็ค 12 แผง)', 50),
(1643473403, 15, 'ควอนตัมไส้ดินสอกด Q500 0.5 มม 2B', '1643473403.jpg', 290, 'ไส้ดินสอ', 'ควอนตัมไส้ดินสอกด Q500 0.5 มม 2B #7520C (ราคา/โหล)', 50),
(1643473455, 15, '5957-505 ไส้ดินสอ 2B 2 มม', '1643473455.jpg', 320, 'ไส้ดินสอ', '5957-505 ไส้ดินสอ 2B 2 มม (ราคา/กล่อง48ชิ้น)', 50),
(1643473504, 16, 'สมุดริมลวดเล่มเล็ก', '1643473504.jpg', 96, 'สมุด', 'สมุดริมลวดเล่มเล็ก #8303C (ราคา/โหล)', 50),
(1643473540, 16, 'สมุดริมลวดขนาด A5', '1643473540.jpg', 264, 'สมุด', 'สมุดริมลวดขนาด A5 #8282C (ราคา/โหล)', 50),
(1643473578, 16, 'สมุดริมลวดขนาด A5', '1643473578.jpg', 264, 'สมุด', 'สมุดริมลวดขนาด A5 #8281C (ราคา/โหล)', 50),
(1643473633, 16, 'สมุดสันเชือกA5 (14*21 ซม) 30 P', '1643473633.jpg', 96, 'สมุด', 'สมุดสันเชือกA5 (14*21 ซม) 30 P #8075C (ราคา/โหล)', 50),
(1643473672, 16, 'สมุดปกอ่อน A5 40 แผ่น', '1643473672.jpg', 150, 'สมุด', 'สมุดปกอ่อน A5 40 แผ่น #7777C (ราคา/แพ็ค 10 เล่ม)', 50),
(1643473713, 16, 'สมุด 14.5*20.5ซม.', '1643473713.jpg', 90, 'สมุด', 'สมุด 14.5*20.5ซม. #7406C (ราคา/แพ็ค 10 เล่ม)', 50),
(1643473776, 17, 'XYY-8821กรรไกร', '1643473776.jpg', 123, 'กรรไกร/คัตเตอร์', 'XYY-8821กรรไกร #6338C (ราคา/โหล)', 50),
(1643473812, 17, 'YS-7516คัตเตอร์ ', '1643473812.jpg', 120, 'กรรไกร/คัตเตอร์', 'YS-7516คัตเตอร์ #6336C (ราคา/โหล)', 50),
(1643473879, 18, 'ซองเอกสารกระดุม A4 Q676', '1643473879.jpg', 85, 'เก็บเอกสาร', 'ซองเอกสารกระดุม A4 Q676 #8343C(ราคา/โหล)', 50),
(1643473930, 18, 'เอลเฟ่นแฟ่มพลาสติกสอดข้าง', '1643473930.jpg', 30, 'เก็บเอกสาร', 'เอลเฟ่นแฟ่มพลาสติกสอดข้าง 116A4 สีน้ำเงิน #8264c(ราคา/โหล)', 50),
(1643473974, 18, 'ซองเอกสารตาข่าย(22*17 ซม) A5', '1643473974.jpg', 144, 'เก็บเอกสาร', 'ซองเอกสารตาข่าย(22*17 ซม) A5 #8102C (ราคา/โหล)', 50),
(1643474096, 18, 'กระเป๋าหลายช่อง 5327-402', '1643474096.jpg', 60, 'เก็บเอกสาร', 'กระเป๋าหลายช่อง 5327-402 (ราคา/ชิ้น)', 50),
(1643474142, 19, 'กาวน้ำ SW 30 ml', '1643474142.jpg', 60, 'กาว / กาวแท่ง', 'กาวน้ำ SW 30 ml #7773C (ราคา/โหล)', 50),
(1643474177, 19, 'กาวลาเท็กซ์ 40 ml', '1643474177.jpg', 80, 'กาว / กาวแท่ง', 'กาวลาเท็กซ์ 40 ml #5083 (ราคา/โหล)', 50),
(1643474318, 20, 'ลวดเสียบ', '1643474318.jpg', 65, 'คลิป/ลวดเสียบ/หมุดต่าง', 'ลวดเสียบ #8306C (ราคา/12 กระปุก)', 50),
(1643474356, 20, 'คลิปหนีบ 5 ชิ้น', '1643474356.jpg', 144, 'คลิป/ลวดเสียบ/หมุดต่าง', 'คลิปหนีบ 5 ชิ้น รหัส 0862 (ราคา/โหล)', 50),
(1643476055, 21, 'กระดาษโน๊ตกาว 76*76 มม', '1643476055.jpg', 115, 'โพสอิท/กระดาษโน๊ต', 'กระดาษโน๊ตกาว 76*76 มม #7506C (ราคา/โหล)', 50),
(1643476098, 21, 'โพสอิท (1*4) 3*3 นิ้ว 100 sheets', '1643476098.jpg', 105, 'โพสอิท/กระดาษโน๊ต', 'โพสอิท (1*4) 3*3 นิ้ว 100 sheets #7092C (ราคา/โหล)', 50),
(1643476128, 21, 'โพสอิท 3*3 in', '1643476128.jpg', 108, 'โพสอิท/กระดาษโน๊ต', 'โพสอิท 3*3 in #6475C (ราคา/โหล)', 50),
(1643476179, 22, 'ที่ใส่ดินสอ คละ 4', '1643476179.jpg', 216, 'อื่นๆ', '\r\nที่ใส่ดินสอ คละ 4 สั#8156-59C (ราคา/โหล)', 50),
(1643476232, 22, 'ที่ใส่ปากกาสี่เหลี่ยมดำ 7*7*10 ซม', '1643476232.jpg', 180, 'อื่นๆ', 'ที่ใส่ปากกาสี่เหลี่ยมดำ 7*7*10 ซม #4476C (ราคา/โหล)', 50),
(1643476268, 22, 'ที่ใส่ปากกากลม', '1643476268.jpg', 120, 'อื่นๆ', 'ที่ใส่ปากกากลม รหัส 4480 (ราคา/แพ็ค 6 ชิ้น)', 50),
(1643476349, 23, 'ซองหนังใส่บัตรขนาด 6*9 ซม', '1643476349.jpg', 45, 'เก็บนามบัตร/สายห้อยบัตร', 'ซองหนังใส่บัตรขนาด 6*9 ซม รหัส 3637 (ราคา/โหล)', 50),
(1643476423, 23, 'ซองบัตรติดหน้าอก ใส่บัตรขนาด 8.6*5.2 ซม', '1643476423.jpg', 90, 'เก็บนามบัตร/สายห้อยบัตร', 'ซองบัตรติดหน้าอก ใส่บัตรขนาด 8.6*5.2 ซม รหัส 3635(ราคา/กล่อง 50 ชิ้น)', 50),
(1643476458, 23, 'ซองบัตรติดหน้าอก ใส่บัตรขนาด 5.7*8.6 ซม', '1643476458.jpg', 90, 'เก็บนามบัตร/สายห้อยบัตร', 'ซองบัตรติดหน้าอก ใส่บัตรขนาด 5.7*8.6 ซม รหัส 3634 (ราคา/กล่อง 50 ชิ้น)', 50),
(1643476509, 24, 'เครื่องคิดเลข ขนาด 13*17.5 ซม', '1643476509.jpg', 72, 'เครื่องคิดเลข', 'เครื่องคิดเลข ขนาด 13*17.5 ซม #6721C (ราคา/เครื่อง)', 50),
(1643476565, 26, 'ปกรายงานการ์ดหอม A4 180 แกรม', '1643476565.jpg', 80, 'อุปกรณ์ทำรายงาน', 'ปกรายงานการ์ดหอม A4 180 แกรม F222 สีดำ #7826C (ราคา/แพ็ค 50 แผ่น)', 50),
(1643476605, 26, 'ปกรายงานการ์ดหอม A4 180 แกรม', '1643476605.jpg', 80, 'อุปกรณ์ทำรายงาน', 'ปกรายงานการ์ดหอม A4 180 แกรม F110 สีน้ำตาล #7825C (ราคา/แพ็ค 50 แผ่น)', 50),
(1643476646, 26, 'ปกรายงานการ์ดหอม A4 180 แกรม', '1643476646.jpg', 80, 'อุปกรณ์ทำรายงาน', 'ปกรายงานการ์ดหอม A4 180 แกรม P100 สีน้ำตาล #7824-6C (ราคา/แพ็ค 50 แผ่น)', 50),
(1643476703, 26, 'สันรูดแฟนซี 10 มิล', '1643476703.jpg', 70, 'อุปกรณ์ทำรายงาน', 'สันรูดแฟนซี 10 มิล(ราคา/โหล)', 50),
(1643476734, 26, 'สันรูดแฟนซี 7 มิล', '1643476734.jpg', 60, 'อุปกรณ์ทำรายงาน', 'สันรูดแฟนซี 7 มิล(ราคา/โหล)', 50);

-- --------------------------------------------------------

--
-- Table structure for table `user_data`
--

CREATE TABLE `user_data` (
  `user_id` int(11) NOT NULL COMMENT 'Id user',
  `username` varchar(50) NOT NULL COMMENT 'user name',
  `password` varchar(50) NOT NULL COMMENT 'password of user',
  `role` varchar(10) NOT NULL
) ENGINE=InnoDB DEFAULT CHARSET=utf8mb4;

--
-- Dumping data for table `user_data`
--

INSERT INTO `user_data` (`user_id`, `username`, `password`, `role`) VALUES
(1, 'admin', '1234', 'admin'),
(2, 'user', '1234', 'user');

--
-- Indexes for dumped tables
--

--
-- Indexes for table `item_cate`
--
ALTER TABLE `item_cate`
  ADD PRIMARY KEY (`cate_id`);

--
-- Indexes for table `item_collection`
--
ALTER TABLE `item_collection`
  ADD PRIMARY KEY (`collection_id`);

--
-- Indexes for table `item_detail`
--
ALTER TABLE `item_detail`
  ADD PRIMARY KEY (`item_id`),
  ADD KEY `cate_id` (`cate_id`);

--
-- Indexes for table `user_data`
--
ALTER TABLE `user_data`
  ADD PRIMARY KEY (`user_id`);

--
-- AUTO_INCREMENT for dumped tables
--

--
-- AUTO_INCREMENT for table `item_cate`
--
ALTER TABLE `item_cate`
  MODIFY `cate_id` int(11) NOT NULL AUTO_INCREMENT, AUTO_INCREMENT=28;

--
-- AUTO_INCREMENT for table `item_collection`
--
ALTER TABLE `item_collection`
  MODIFY `collection_id` int(11) NOT NULL AUTO_INCREMENT, AUTO_INCREMENT=22;

--
-- AUTO_INCREMENT for table `item_detail`
--
ALTER TABLE `item_detail`
  MODIFY `item_id` int(11) NOT NULL AUTO_INCREMENT COMMENT 'item id', AUTO_INCREMENT=1644963671;

--
-- AUTO_INCREMENT for table `user_data`
--
ALTER TABLE `user_data`
  MODIFY `user_id` int(11) NOT NULL AUTO_INCREMENT COMMENT 'Id user', AUTO_INCREMENT=3;

--
-- Constraints for dumped tables
--

--
-- Constraints for table `item_detail`
--
ALTER TABLE `item_detail`
  ADD CONSTRAINT `item_detail_ibfk_1` FOREIGN KEY (`cate_id`) REFERENCES `item_cate` (`cate_id`);
COMMIT;

/*!40101 SET CHARACTER_SET_CLIENT=@OLD_CHARACTER_SET_CLIENT */;
/*!40101 SET CHARACTER_SET_RESULTS=@OLD_CHARACTER_SET_RESULTS */;
/*!40101 SET COLLATION_CONNECTION=@OLD_COLLATION_CONNECTION */;
